Title,Author,Published,Description,Score,Ratings,Image
Anglicising Romance,Rhiannon Purdie,2008,"A reappraisal of the tail-rhyme form so strongly associated with medieval English romance. Tail-rhyme romance units a French genre with a continental stanza form, so why was it only developed in Middle English literature? This volume seeks to explain why and how the tail-rhyme form established itself in medieval English romantic verse.",,,http://books.google.com/books/content?id=nPwsFO6WXsAC&printsec=frontcover&img=1&zoom=1&edge=curl&source=gbs_api
The Ancient Romances,Ben E. Perry,2023-07-28,"This title delves into the origins and development of ancient romance literature, expanding upon a series of lectures given by Ben Edwin Perry at the University of California in 1951. This scholarly work examines the romance genre's historical foundations and explores two main branches: the ideal romance of love and adventure and the ""comic"" romance, a form characterized by satire, mockery, and picaresque elements. In Part I, Perry addresses the ""ideal romance,"" a popular form among the masses, centered on idealized narratives of love and adventure. He traces its evolution, emphasizing the genre's widespread appeal and the continuity in its demand throughout the ancient world. By addressing key literary-historical questions, Perry brings to light the genre's foundational aspects, situating it within broader cultural and social contexts. Part II shifts focus to ""comic romances,"" distinct for their humorous, satirical tone and their appeal to a more elite, educated audience. Perry explores works by writers like Petronius, Lucian, and Apuleius, analyzing how their unique perspectives and sophisticated storytelling approaches diverge from the more traditional ideal romances. Unlike ideal romances, comic romances are marked by individual authors’ intentions and personal motives, leading to distinctive interpretations and varied narrative styles. By distinguishing between these genres and examining their respective conventions, Perry offers insights into the interplay between narrative forms and cultural expectations, contributing a significant perspective on the evolution of ancient romance literature and its lasting influence on modern narrative structures. This title is part of UC Press's Voices Revived program, which commemorates University of California Press’s mission to seek out and cultivate the brightest minds and give them voice, reach, and impact. Drawing on a backlist dating to 1893, Voices Revived makes high-quality, peer-reviewed scholarship accessible once again using print-on-demand technology. This title was originally published in 1967.",,,http://books.google.com/books/content?id=esPLEAAAQBAJ&printsec=frontcover&img=1&zoom=1&edge=curl&source=gbs_api
Romance Writing,Lynne Pearce,2007-01-05,"Exploring the nature of both the romance genre and the discourse of romantic love from the 17th century to the present day, this book shows how, in the history of literature, lovers have utilised its spark to change not only themselves but also their worlds, through acts of creativity and heroism.",,,http://books.google.com/books/content?id=we4jl507M4EC&printsec=frontcover&img=1&zoom=1&edge=curl&source=gbs_api
Nine Medieval Romances of Magic,Marijane Osborn,2010-03-05,"In this book, Marijane Osborn translates into modern English nine lively medieval verse romances, in a form that both reflects the original and makes the romances inviting to a modern audience. All nine tales contain elements of magic: shapeshifters, powerful fairies, trees that are portals to another world, and enchanted clothing and armor. Many of the tales also feature powerful women characters, while others include representations of “Saracens.” The tales address issues of enduring interest and concern, and also address sexuality, agency, and identity formation in unexpected ways.",,,http://books.google.com/books/content?id=3qdaDwAAQBAJ&printsec=frontcover&img=1&zoom=1&edge=curl&source=gbs_api
The Cambridge History of English Poetry,Michael O'Neill,2010-04-29,A literary-historical account of English poetry from Anglo-Saxon writings to the present.,,,http://books.google.com/books/content?id=AyG3cTbcXIcC&printsec=frontcover&img=1&zoom=1&edge=curl&source=gbs_api
Illustration in Fin-de-Siècle Transatlantic Romance Fiction,Kate Holterhoff,2022-03-07,"This book examines illustrations created to accompany fictions written by several of the most popular authors published in Britain and America between 1885 and 1920. By studying the lavish illustrations that complemented not only initial serializations, but also subsequent publications of fictions by H. Rider Haggard, Rudyard Kipling, James De Mille, Robert Louis Stevenson, and H. G. Wells, the book demonstrates the significance of images to the fin de siècle romance form. In order to make fantastic plots seem possible, graphic artists worked hand in hand with authors to not only fill gaps in audience understanding, but also expand and deepen the meaning of these marvels. The book will be of interest to scholars working in art history, visual culture, illustration studies, British and American history, and British and American literature.",,,http://books.google.com/books/content?id=2dNYEAAAQBAJ&printsec=frontcover&img=1&zoom=1&edge=curl&source=gbs_api
Third Language Acquisition and Universal Grammar,Yan-kit Ingrid Leung,2009-01-01,"This volume presents studies which approach the relatively new field of third language (L3) acquisition from the generative linguistic perspective. It aims to bring together researchers who are interested in L3 acquisition and who are at the same time working within the generative framework i.e. Chomsky's Universal Grammar (UG) approach to language acquisition. A total of nine contributions are included, reporting research on L3 involving different combinations of source/target languages and investigating various UG-related properties.",,,http://books.google.com/books/content?id=Qdnp16KpJJYC&printsec=frontcover&img=1&zoom=1&edge=curl&source=gbs_api
Novel Definitions,Cheryl L. Nixon,2008-12-30,"Novel Definitions captures the lively critical debate surrounding the invention of the English novel, showing how the rise of the novel is accompanied by a rise in popular literary criticism. The over 135 pieces here, many newly-discovered, include essays, prefaces, reviews, and sermons written by authors ranging from Aphra Behn to Walter Scott. Novel Definitions brings together authors' commentary on their work; debates concerning the novel’s formal qualities and cultural position, including who should read novels; reviewers' definitions of the qualities that make a novel successful; and literary historians' first attempts to write the history of the novel.",,,http://books.google.com/books/content?id=DWW7AAAAQBAJ&printsec=frontcover&img=1&zoom=1&edge=curl&source=gbs_api
Historical Linguistics 2005,"Joe Salmons, Shannon Dubenion-Smith",2007,Printbegrænsninger: Der kan printes 10 sider ad gangen og max. 40 sider pr. session,,,http://books.google.com/books/content?id=3fSsa7DPlNQC&printsec=frontcover&img=1&zoom=1&edge=curl&source=gbs_api
"English Prose Fiction in the Free Public Library, Newark",Newark Public Library,1900,,,,http://books.google.com/books/content?id=O04yAQAAMAAJ&printsec=frontcover&img=1&zoom=1&edge=curl&source=gbs_api
Science Fiction,Adam Roberts,2006-06-19,"Science Fiction is a fascinating and comprehensive introduction to one of the most popular areas of modern culture. This second edition reflects how the field is rapidly changing in both its practice and its critical reception. With an entirely new conclusion and all other chapters fully reworked and updated, this volume includes: a concise history of science fiction and the ways in which the genre has been used and defined explanations of key concepts in Science Fiction criticism and theory through chapters such as Gender, Race, Technology and Metaphor examines the interactions between Science Fiction and Science Fact anchors each chapter with a case study drawn from short story, book or film, from Frank Herbert’s Dune to Star Wars, from The Left Hand of Darkness to Neuromancer. Introducing the reader to nineteenth-century, Pulp, Golden Age, New Wave, Feminist and Cyberpunk science fictions, this is the essential contemporary guide to a major cultural movement.",,,http://books.google.com/books/content?id=RAaAAgAAQBAJ&printsec=frontcover&img=1&zoom=1&edge=curl&source=gbs_api
Science Fiction Authors,Maura Heaphy,2008-11-30,"For students, scholars, readers' advisors, and curious SF readers and fans, this guide provides an easy-to-use launch pad for researching and learning more about science fiction writers and their work. Emphasizing the best popular and contemporary authors, this book covers 100 SF writers, providing for each: • a brief biographical sketch, including a quote from theauthor, awards, etc. • a list of the author's major works (including editions and other writings) • research sources-biographies, criticism, research guides, and web sites • In addition, you'll find read-alike lists for selected authors. For anyone wanting to find information on popular SF authors, this should be the first stop.",,,http://books.google.com/books/content?id=AHjDEAAAQBAJ&printsec=frontcover&img=1&zoom=1&edge=curl&source=gbs_api
Science Fiction Criticism,Rob Latham,2017-02-23,"Including more than 30 essential works of science fiction criticism in a single volume, this is a comprehensive introduction to the study of this enduringly popular genre. Science Fiction Criticism: An Anthology of Essential Writings covers such topics as: ·Definitions and boundaries of the genre ·The many forms of science fiction, from time travel to 'inner space' ·Ideology and identity: from utopian fantasy to feminist, queer and environmental readings ·The non-human: androids, aliens, cyborgs and animals ·Race and the legacy of colonialism The volume also features annotated guides to further reading on these topics. Includes writings by: Marc Angenot, J.G. Ballard, Damien Broderick, Istvan Csicsery-Ronay, Samuel R. Delany, Philip K. Dick, Grace Dillon, Kodwo Eshun, Carl Freedman, Allison de Fren, Hugo Gernsback, Donna Haraway, N. Katherine Hayles, Robert A. Heinlein, Nalo Hopkinson, Veronica Hollinger, Fredric Jameson, Gwyneth Jones, Rob Latham, Roger Luckhurst, Judith Merril, John B. Michel, Wendy Pearson, John Rieder, Lysa Rivera, Joanna Russ, Mary Shelley, Stephen Hong Sohn, Susan Sontag, Bruce Sterling, Darko Suvin, Vernor Vinge, Sherryl Vint, H.G. Wells, David Wittenberg and Lisa Yaszek",,,http://books.google.com/books/content?id=WobBDQAAQBAJ&printsec=frontcover&img=1&zoom=1&edge=curl&source=gbs_api
Library of Congress Subject Headings,Library of Congress,2003,,,,http://books.google.com/books/content?id=W_GMh04kL5cC&printsec=frontcover&img=1&zoom=1&edge=curl&source=gbs_api
Bulletin of the Atomic Scientists,,1963-11,"The Bulletin of the Atomic Scientists is the premier public resource on scientific and technological developments that impact global security. Founded by Manhattan Project Scientists, the Bulletin's iconic ""Doomsday Clock"" stimulates solutions for a safer world.",,,http://books.google.com/books/content?id=PQgAAAAAMBAJ&printsec=frontcover&img=1&zoom=1&edge=curl&source=gbs_api
Science in the Twentieth Century,"John Krige, Dominique Pestre",2013-11-19,"With over forty chapters, written by leading scholars, this comprehensive volume represents the best work in America, Europe, and Asia. Geographical diversity of the authors is reflected in the different perspectives devoted to the subject, and all major disciplinary developments are covered. There are also sections concerning the countries that have made the most significant contributions, the relationship between science and industry, the importance of instrumentation, and the cultural influence of scientific modes of thought. Students and professionals will come to appreciate how, and why, science has developed - as with any other human activity, it is subject to the dynamics of society and politics.",,,http://books.google.com/books/content?id=8MkeAgAAQBAJ&printsec=frontcover&img=1&zoom=1&edge=curl&source=gbs_api
"Encyclopedic Dictionary of Semiotics, Media, and Communications",Marcel Danesi,2000-01-01,"Collected here are definitions and descriptions of terms, concepts, personages, schools of thought, and historical movements that appear frequently in the literature."".",,,http://books.google.com/books/content?id=n6XFBxvLzk0C&printsec=frontcover&img=1&zoom=1&edge=curl&source=gbs_api
The Latinx Files,Matthew David Goodwin,2021-05-14,"In The Latinx Files, Matthew David Goodwin traces how Latinx science fiction writers are reclaiming the space alien from its xenophobic legacy in the science fiction genre. The book argues that the space alien is a vital Latinx figure preserving Latinx cultures by activating the myriad possible constructions of the space alien to represent race and migration in the popular imagination. The works discussed in this book, including those of H.G. Wells, Gloria Anzaldúa, Junot Diaz, André M. Carrington, and many others, often explicitly reject the derogatory correlation of the space alien and Latinxs, while at other times, they contain space aliens that function as a source of either enlightenment or horror for Latinx communities. Throughout this nuanced analysis, The Latinx Files demonstrates how the character of the space alien has been significant to Latinx communities and has great potential for future writers and artists.",,,http://books.google.com/books/content?id=9KIkEAAAQBAJ&printsec=frontcover&img=1&zoom=1&edge=curl&source=gbs_api
A Critic at Large in the Multiverse,,,,,,http://books.google.com/books/content?id=XskupYkDcIgC&printsec=frontcover&img=1&zoom=1&edge=curl&source=gbs_api
Interface Fantasy,Andre Nusselder,2009-09-11,"Behind our computer screens we are all cyborgs: through fantasy we can understand our involvement in virtual worlds. Cyberspace is first and foremost a mental space. Therefore we need to take a psychological approach to understand our experiences in it. In Interface Fantasy, André Nusselder uses the core psychoanalytic notion of fantasy to examine our relationship to computers and digital technology. Lacanian psychoanalysis considers fantasy to be an indispensable “screen” for our interaction with the outside world; Nusselder argues that, at the mental level, computer screens and other human-computer interfaces incorporate this function of fantasy: they mediate the real and the virtual. Interface Fantasy illuminates our attachment to new media: why we love our devices; why we are fascinated by the images on their screens; and how it is possible that virtual images can provide physical pleasure. Nusselder puts such phenomena as avatars, role playing, cybersex, computer psychotherapy, and Internet addiction in the context of established psychoanalytic theory. The virtual identities we assume in virtual worlds, exemplified best by avatars consisting of both realistic and symbolic self-representations, illustrate the three orders that Lacan uses to analyze human reality: the imaginary, the symbolic, and the real. Nusselder analyzes our most intimate involvement with information technology—the almost invisible, affective aspects of technology that have the greatest impact on our lives. Interface Fantasy lays the foundation for a new way of thinking that acknowledges the pivotal role of the screen in the current world of information. And it gives an intelligible overview of basic Lacanian principles (including fantasy, language, the virtual, the real, embodiment, and enjoyment) that shows their enormous relevance for understanding the current state of media technology.",,,http://books.google.com/books/content?id=hyfM4R8zbtkC&printsec=frontcover&img=1&zoom=1&edge=curl&source=gbs_api
Fantasy Football Tips,Sam Hendricks,2009,"From the award winning author of Fantasy Football Guidebook (and three other fantasy football books) comes the ultimate step by step guide to success; including methods of drafting, ranking players, creating cheat sheets and drafting like an expert. Finally, an easy to use and understand book, with tips on how to win your fantasy football league every year, is available at a great price. With over 200 winning ways, from how to pick a fantasy league to roster management tools, Fantasy Football Tips provides the key techniques to make you a consistent fantasy football owner. Written for all fantasy football players (whether a beginner or expert), Fantasy Football Tips is your ticket to this years League Championship.",,,http://books.google.com/books/content?id=Dvt4rPSKJf8C&printsec=frontcover&img=1&zoom=1&edge=curl&source=gbs_api
Fantasy Football and Mathematics,Dan Flockhart,2007-03-23,"Student create fantasy sports teams by picking real-life professional football players, and then follow their players' statistics and calculate their teams' total points using algebraic or nonalgebraic methods specifically designed to complement the math skills they are learning.",,,http://books.google.com/books/content?id=FXuXz0SNjbEC&printsec=frontcover&img=1&zoom=1&edge=curl&source=gbs_api
Fantasy,Richard Mathews,2016-01-29,"Using a broad definition of fantasy to include myth, folklore, legend and fairy tale, this survey of the genre will entice as well as inform any student interested in the mysterious, mystical or magical. Beloved authors like J. R. R. Tolkien, Ursula K. Le Guin, William Morris and Robert E. Howard are examined closely.",,,http://books.google.com/books/content?id=vSpceyhof4IC&printsec=frontcover&img=1&zoom=1&edge=curl&source=gbs_api
Fantasy/Animation,"Christopher Holliday, Alexander Sergeant",2018-04-27,"This book examines the relationship that exists between fantasy cinema and the medium of animation. Animation has played a key role in defining our collective expectations and experiences of fantasy cinema, just as fantasy storytelling has often served as inspiration for our most popular animated film and television. Bringing together contributions from world-renowned film and media scholars, Fantasy/Animation considers the various historical, theoretical, and cultural ramifications of the animated fantasy film. This collection provides a range of chapters on subjects including Disney, Pixar, and Studio Ghibli, filmmakers such as Ralph Bakshi and James Cameron, and on film and television franchises such as Dreamworks’ How To Train Your Dragon (2010–) and HBO’s Game of Thrones (2011–).",,,http://books.google.com/books/content?id=SlgPEAAAQBAJ&printsec=frontcover&img=1&zoom=1&edge=curl&source=gbs_api
The Ultimate Encyclopedia of Fantasy,"David Pringle, Tim Dedpulos",2021-09-30,"This essential reference book details everything the novice needs to know about the genre and everything the well-read fan is calling out for. Lavishly illustrated and expertly informed, it is edited by Tim Dedopulos and David Pringle, editor and co-founder of the internationally acclaimed Interzone magazine, and features forewords by legendary authors Terry Pratchett and Ben Aaronovitch. They have assembled a team of expert contributors to compile a visually stunning, informative and fascinating guide to the world of fantasy, from its origins and early trailblazers to the cultural phenomena of today's mega fantasy properties.",,,http://books.google.com/books/content?id=2STgEAAAQBAJ&printsec=frontcover&img=1&zoom=1&edge=curl&source=gbs_api
Rhetorics of Fantasy,Farah Mendlesohn,2008-04-30,Examining fantasy literature,,,http://books.google.com/books/content?id=RZgIkR_0Q54C&printsec=frontcover&img=1&zoom=1&edge=curl&source=gbs_api
Final Fantasy V,Chris Kohler,2017-10-24,"When Final Fantasy V was released for the Japanese Super Famicom in 1992, the fantasy role-playing game was an instant hit, selling two million copies in the first two months alone. But the game was dubbed too hardcore for a Western audience and was not released outside Japan. That didn't stop a teenage Chris Kohler from tracking down Final Fantasy V. The young RPG fan got a Japanese copy of the game, used it to teach himself Japanese, and with the help of some internet companions created the first-ever comprehensive English-language FAQ of the game. Now the acclaimed author of Power-Up and an editor at Kotaku, Kohler is revisiting the game that started his career in games journalism. Based on new, original interviews with Final Fantasy V's director, Hironobu Sakaguchi, as well as previously untranslated interviews with the rest of the development team, Kohler's book weaves history and criticism to examine one of the Final Fantasy series's greatest and most overlooked titles.",,,http://books.google.com/books/content?id=WthpEQAAQBAJ&printsec=frontcover&img=1&zoom=1&edge=curl&source=gbs_api
The Fantasy Sport Industry,"Andrew Billings, Brody Ruihley",2013-07-24,"Fantasy sport has become big business. Recent estimates suggest that there as many as 33 million fantasy sport participants in the US alone, spending $3bn annually, with many millions more around the world. This is the first in-depth study of fantasy sport as a cultural and social phenomenon and a significant and growing component of the contemporary sports economy. This book presents an overview of the history of fantasy sport and its close connection to innovations in sports media. Drawing on extensive empirical research, it offers an analysis of the demographics of fantasy sport, the motivations of fantasy sport players and their significance as heavy consumers of sport media and as ultra-fans. It also draws cross-cultural comparisons between fantasy sport players in the US, UK, Europe and beyond. The Fantasy Sport Industry examines the key commercial and media stakeholders in the production and development of fantasy sport, and points to new directions for the fantasy sport industry within modern sport business. It is therefore, fascinating reading for any student, scholar or professional with an interest in sports media, sports business, fandom, the relationship between sport and society, or cultural studies.",,,http://books.google.com/books/content?id=HaAqAAAAQBAJ&printsec=frontcover&img=1&zoom=1&edge=curl&source=gbs_api
"Intelligence, Creativity and Fantasy","Mário Ming Kong, Maria do Rosário Monteiro, Maria João Pereira Neto",2019-09-30,"The texts presented in Proportion Harmonies and Identities (PHI) - INTELLIGENCE, CREATIVITY AND FANTASY were compiled with the intent to establish a multidisciplinary platform for the presentation, interaction and dissemination of research. The aim is also to foster the awareness and discussion on the topics of Harmony and Proportion with a focus on different visions relevant to Architecture, Arts and Humanities, Design, Engineering, Social and Natural Sciences, and their importance and benefits for the sense of both individual and community identity. The idea of modernity has been a significant motor for development since the Western Early Modern Age. Its theoretical and practical foundations have become the working tools of scientists, philosophers, and artists, who seek strategies and policies to accelerate the development process in different contexts.",,,http://books.google.com/books/content?id=pcO2DwAAQBAJ&printsec=frontcover&img=1&zoom=1&edge=curl&source=gbs_api
Dual-process Theories in Social Psychology,"Shelly Chaiken, Yaacov Trope",1999-02-19,"This informative volume presents the first comprehensive review of research and theory on dual-process models of social information processing. These models distinguish between qualitatively different modes of information processing in making decisions and solving problems (e.g., associative versus rule-based, controlled versus uncontrolled, and affective versus cognitive modes). Leading contributors review the basic assumptions of these approaches and review the ways they have been applied and tested in such areas as attitudes, stereotyping, person perception, memory, and judgment. Also examined are the relationships between different sets of processing modes, the factors that determine their utilization, and how they work in combination to affect responses to social information.",3,2,http://books.google.com/books/content?id=5X_auIBx99EC&printsec=frontcover&img=1&zoom=1&edge=curl&source=gbs_api
Psychology,Charles Hubbard Judd,1907,,,,http://books.google.com/books/content?id=qMfRwBQsjwgC&printsec=frontcover&img=1&zoom=1&edge=curl&source=gbs_api
Applied Psychology,"Rowan Bayne, Ian Horton",2003-04-24,"`This is a competently edited, reader-friendly publication which fills a previously empty niche in the market. Every applied psychologist should have a copy well within arm's length' - British Journal of Educational Psychology Applied Psychology: Current Issues and New Directions is an exciting new textbook and a perfect resource for students taking either a focussed degree in applied psychology or a module as part of a wider psychology degree program. Given its breadth of coverage it should also be essential background reading on courses looking in depth at one of the many areas of professional psychological practice. The book is divided into two parts. In Part One, the book reviews the traditional branches of applied psychology (i.e. clinical, educational and occupational psychology); some relative newcomers (counselling psychology, forensic and health psychology); and some less obvious areas (careers guidance, counselling, academia) addressing such issues as training, future trends and developments within each field. Part Two offers discussion of more generic issues facing professional psychologists including the role of research and evidence-based practice in everyday work; trends in higher education; and continuing professional development. The book concludes with a `Round-Table' discussion involving leading psychologists commenting on trends and new directions in their respective fields. Key features of this book: - Consistently pedagogical throughout - chapter summaries, questions for reflection and discussion and annotated further reading in every chapter - Comprehensive coverage - all areas of applied psychology included - Related to the `real world' - by reviewing the issues and offering practical advice, this text should help prospective applied psychologists make informed decisions about their careers.",,,http://books.google.com/books/content?id=LIFprUBXCIAC&printsec=frontcover&img=1&zoom=1&edge=curl&source=gbs_api
History of the Problems of Philosophy: Introduction. pt. I. Psychology,"Paul Janet, Gabriel Séailles",1902,,,,http://books.google.com/books/content?id=aOMuAQAAIAAJ&printsec=frontcover&img=1&zoom=1&edge=curl&source=gbs_api
The Oxford Handbook of Clinical Psychology,David H. Barlow,2014,"The Oxford Handbook of Clinical Psychology synthesizes a half-century of clinical psychology literature in one extraordinary volume. Comprising chapters from the foremost scholars in the field, this handbook provides even and authoritative coverage of the research, practice, and policy factors that combine to form today's clinical psychology landscape. It is a landmark publication that is sure to serve as the field's benchmark reference publication for years to come.",,,http://books.google.com/books/content?id=Cr0iAwAAQBAJ&printsec=frontcover&img=1&zoom=1&edge=curl&source=gbs_api
Essential Psychology,"Philip Banyard, Gayle Dillon, Christine Norman, Belinda Winder",2024-03-23,"With a vivid narrative writing style, this book gives students a firm foundation in all areas covered on accredited British Psychological Society degree courses.",,,http://books.google.com/books/content?id=eeP4EAAAQBAJ&printsec=frontcover&img=1&zoom=1&edge=curl&source=gbs_api
Psychology for Nurses,Stephen Babu,2014-07-25,Psychology for Nurses,,,http://books.google.com/books/content?id=XzITBwAAQBAJ&printsec=frontcover&img=1&zoom=1&edge=curl&source=gbs_api
Psychology Australian and New Zealand Edition,"Douglas A. Bernstein, Julie Ann Pooley, Lynne Cohen, Steve Provost, Jacquelyn Cranney, Bethanie Gouldthorp, Neil Drew",2020-10-05,"Make introductory psychology modern and accessible! Strike a balance between classic and contemporary topics and theory. The third AU/NZ edition of Bernstein, Psychology, engages students with local ideas and examples, within the context of psychology as an international discipline. Rich cultural and indigenous coverage is integrated throughout the text, as well as specific chapters, 'Indigenous psychology', and 'Culture and psychology'. There is also the continued, and unique focus throughout the text on graduate competencies for accreditation, careers in psychology and the professional discipline of psychology. Linkages features in the text knit together student understanding of psychology’s sub-disciplines, and the research sections show the how and why of research. Premium online teaching and learning tools are available on the MindTap platform. Learn more about the online tools cengage.com.au/mindtap",,,http://books.google.com/books/content?id=qg_6DwAAQBAJ&printsec=frontcover&img=1&zoom=1&edge=curl&source=gbs_api
The Future of Psychology,Rubén Ardila,2025-03-14,"This book brings together interviews with some of the most distinguished psychologists at the beginning of the 21st century on a world-wide level. It is a reflection about the future of psychology that presents the concepts, ideas, reflections, doubts, dreams and desires of the leaders of psychology at the dawn of the third millennium. Participants are 48 renown psychologists – including former presidents of the American Psychological Association (APA) and former and current presidents of the International Union of Psychological Science (IUPSyS) – from 24 countries: Argentina, Australia, Belgium, Canada, China, Czech Republic, Colombia, Cuba, England, France, Germany, Mexico, The Netherlands, Nigeria, Philippines, Poland, Russia, Singapore, South Africa, Spain, Sweden, Turkey, the United States and Venezuela. The Future of Psychology: Some of the Most Distinguished Psychologists of the World Reflect About the Future of their Discipline will be of interest to both researchers and practitioners from all subfields of psychology who are interested in learning what are the most important challenges and opportunities to psychological research and practice in the 21st century.",,,http://books.google.com/books/content?id=BaxOEQAAQBAJ&printsec=frontcover&img=1&zoom=1&edge=curl&source=gbs_api
The Concise Corsini Encyclopedia of Psychology and Behavioral Science,"W. Edward Craighead, Charles B. Nemeroff",2004-04-12,"Edited by high caliber experts, and contributed to by quality researchers and practitioners in psychology and related fields. Includes over 500 topical entries Each entry features suggested readings and extensive cross-referencing Accessible to students and general readers Edited by two outstanding scholars and clinicians",,,http://books.google.com/books/content?id=dJUL9yuKhrUC&printsec=frontcover&img=1&zoom=1&edge=curl&source=gbs_api
The Guide to the Top 100 Mystery & Thriller Books,Navneet Singh,,"📖 Table of Contents 1. Introduction The Popularity of Mystery & Thriller Fiction How This List Was Curated Who This Book Is For 2. The Top 100 Books Classic Mystery & Detective Novels (20 books) Psychological Thrillers & Dark Suspense (20 books) Crime & Noir Fiction (20 books) Legal & Political Thrillers (20 books) Modern Bestsellers & Contemporary Thrillers (20 books) 3. Honorable Mentions & Emerging Books Books that Almost Made the List New & Trending Mystery/Thriller Books 4. Conclusion & Recommendations Why Mystery & Thriller Books Are Timeless Suggested Reading Paths Based on Interests (e.g., ""Best Books for Fans of Psychological Suspense,"" ""Classic Whodunits for Detective Fiction Lovers"") Encouragement to Explore and Discover New Books in the Genre",,,http://books.google.com/books/content?id=CJBREQAAQBAJ&printsec=frontcover&img=1&zoom=1&edge=curl&source=gbs_api
Thriller 2: Stories You Just Can't Put Down,"Kathleen Antrim, Gary Braver, Sean Chercover, Blake Crouch, Jeffery Deaver, Robert Ferrigno",2010-05-01,"When some of the top thriller writers in the world came together in Thriller: Stories to Keep You Up All Night, they became a part of one of the most successful short-story anthologies ever published. The highly anticipated Thriller 2: Stories You Just Can't Put Down is even bigger. From Jeffery Deaver's tale of international terrorism to Lisa Jackson's dysfunctional family in the California wine country to Ridley Pearson's horrifying serial killer, this collection has something for everyone. Twenty-three bestselling and hot new authors in the genre have submitted original stories to make up this unforgettable blockbuster.",,,http://books.google.com/books/content?id=YDxcXpheSnkC&printsec=frontcover&img=1&zoom=1&edge=curl&source=gbs_api
Thriller Genre Trends,"Aisha Khan, AI",2025-02-19,"Thriller Genre Trends offers an in-depth exploration of the thriller genre's publishing trends, providing a data-driven analysis of what makes suspense fiction successful. It examines how evolving reader preferences and technological advancements shape the market. The book highlights the impact of author branding and the crucial role of social media and online communities in influencing book sales and engaging readers. Discover how the thriller genre's expansion is tied to elements such as the rise of psychological suspense in the digital era. This study uniquely combines quantitative data analysis with qualitative insights from publishing experts and reader reviews, offering a nuanced view of the thriller market. By dissecting publishing data and sales figures, it uncovers patterns that define the genre's triumphs. The book progresses from introducing key concepts and methodologies to exploring the evolution of thriller subgenres and the impact of author branding. It concludes by discussing the future of the thriller genre and offering practical applications for authors and publishers, including strategies for reaching new audiences.",,,http://books.google.com/books/content?id=TVxJEQAAQBAJ&printsec=frontcover&img=1&zoom=1&edge=curl&source=gbs_api
The Thriller,Gregory G. Sarno,2006-11-28,"The Thriller: Scripting Seat-Gripping Suspense plumbs nine-score thrillers for recurring features that build nape-prickling, heart-pounding suspense. Fodder for analysis embraces domestic and foreign fare, classic and contemporary, ranging from Ghost, Speed, Seven, Psycho, and The Silence of the Lambs to La Femme Nikita and Yogen [Premonition]. Text eschews a connecting-the-dots, painting-by-numbers approach, in belief that formulas drain the lifeblood of creativity and inevitably spawn a ho-hum product. That said, the eight factors culled from the covered films constitute useful tools in the screenwriter's arsenal. Perhaps the best groundwork for a thriller is infiltrating the ATF/FBI/IRA, or a brigade of arms-running mercenaries. Short of that, watching films and reading scripts will work wonders. In that spirit, the book debuts three feature-film scripts for critical scrutiny: mystery thriller ""Stateline""; police thriller ""Cashing Out""; supernatural thriller ""Birthmarks.""",,,http://books.google.com/books/content?id=lieGAgAAQBAJ&printsec=frontcover&img=1&zoom=1&edge=curl&source=gbs_api
Thrillers,John Fraser,2015-04-29,"After years of intellectual nourishment from thrillers, along with the delights of suspense, Fraser explores the thought-processes of representative thriller characters coping with high-tension situations that require intelligent problem-solving and bring their values into a sharper focus. With alert empathy, he follows Jack Carter as he hunts down his brother's killers in Ted Lewis's masterpiece Jack's Return Home (""a kind of dark English Gatsby"") ; suffers along with violence-averse Rae Ingram coping alone on a small yacht with a dangerous paranoid in Dead Calm (""a philosophical thriller"") by that fine Gold Medal novelist Charles Williams; and gives a lot of attention to Donald Hamilton's young professional men entangled with enigmatic young women in pre-Helm works like The Steel Mirror (1948) where he was learning his craft. In a fourth chapter, he hacks at the wall between ""art"" and ""entertainment"" and loose talk about the ""world"" of the thriller. Lastly, he reminiscences about a fascinating safari that he made into the sex-'n-violence ""Mushroom Jungle"" (British pulp fiction ca.1946-54), and offers conclusions about violence and peace. He avoids jargon, combines an aficionado's enthusiasm with a scholar's accuracy, quotes generously to convey the texture of a work, provides background information for readers new to the topic, and illuminates ""craft"" aspects of fiction in general. His emphasis throughout is positive.",,,http://books.google.com/books/content?id=wEK1CAAAQBAJ&printsec=frontcover&img=1&zoom=1&edge=curl&source=gbs_api
Crime Fiction,John Scaggs,2005,"Provides a lively introduction to what is both a wide-ranging and hugely popular literary genre. Accessible and clear, this comprehensive overview is the essential guide for all those studying crime fiction.",,,http://books.google.com/books/content?id=FHjheL8OXtUC&printsec=frontcover&img=1&zoom=1&edge=curl&source=gbs_api
Gale Researcher Guide for: The Spy Thriller: John le Carré,"Wesley K. Wark, Brian E. Crim",,Gale Researcher Guide for: The Spy Thriller: John le Carré is selected from Gale's academic platform Gale Researcher. These study guides provide peer-reviewed articles that allow students early success in finding scholarly materials and to gain the confidence and vocabulary needed to pursue deeper research.,,,http://books.google.com/books/content?id=xZpqDwAAQBAJ&printsec=frontcover&img=1&zoom=1&edge=curl&source=gbs_api
Storizen Magazine October 2019 | A Thriller Writer at Heart - Kanchana Banerjee,"Saurabh Chawla, Pria Raiyani",2019-10-24,"Communication is the key to forming, nurturing and maintaining healthy relationships. Owing to this thought, we had dedicated the theme for the month of October 2019 to 'Communication'. W want you all to communicate effectively and try to understand each other for the benefit of humankind. If you are a thriller lover, you will surely enjoy reading 'Nobody's Child' by Kanchana Banerjee who shares with us her love for the Thriller genre in an exclusive Cover Feature. Also, don't forget to check out our Editor's Choice article by Sumana Bhattacharya, 'The Art of Saying it Right'. We have got so much love and support from our readers, our contributors and our brand partners. Keep showering your love and blessings as it helps us to grow! Wishing you a very happy and blissful Diwali from the Storizen Family. Storizen Magazine October 2019 Issue is LIVE NOW! See Less",,,http://books.google.com/books/content?id=RxfIDwAAQBAJ&printsec=frontcover&img=1&zoom=1&edge=curl&source=gbs_api
SPY THRILLERS - Boxed Set,"James Fenimore Cooper, John Buchan, William Le Queux, Talbot Mundy, Arthur Conan Doyle, Joseph Conrad, Erskine Childers, George Barton, Robert W. Chambers, Fred M. White, Robert Baden-Powell, John R. Coryell, E. Philips Oppenheim",2023-12-15,"SPY THRILLERS - Boxed Set offers an exhilarating journey through the labyrinthine world of espionage and covert operations, capturing the essence of geopolitical intrigue that defined the genre's golden era. The collection showcases an eclectic mix of literary styles, from the atmospheric to the action-packed, reflecting the shifting paradigms of spy fiction during the late 19th and early 20th centuries. With works that highlight everything from cryptic codes to nerve-wracking undercover missions, this anthology serves as a rich tapestry of suspenseful narratives that demand a reader's full attention, featuring standout plots that continue to resonate in today's literary landscape. Bringing together visionaries of the spy genre, such as the engaging storytelling of Arthur Conan Doyle and the gripping prose of Joseph Conrad, the anthology traverses diverse cultural and historical contexts. Collectively, these authors offer an exploration of themes like loyalty, betrayal, and the human psyche under duress. This collection is both an homage to the genre's pioneers and a scholarly meditation on its evolution, aligning itself with movements such as imperial adventure narratives and the rise of early 20th-century political thrillers. This anthology is indispensable for any reader eager to explore the multifaceted world of espionage fiction. Its notable blend of narrative styles and cultural perspectives not only illuminates the past but also enriches one's understanding of the complexities of human nature and international relations. Delving into SPY THRILLERS - Boxed Set provides the reader with an unparalleled opportunity to engage with some of the finest storytellers who have left an indelible mark on the world of spy fiction, fostering a dialogue that spans across generations and geopolitical contexts.",,,http://books.google.com/books/content?id=-yLmEAAAQBAJ&printsec=frontcover&img=1&zoom=1&edge=curl&source=gbs_api
The Mystery Readers' Advisory,"John Charles, Joanna Morrison, Candace Clark",2002,"Three librarians from Scottsdale, Arizona provide library staff with an introduction to the mystery genre and offer tips and techniques for providing advice to mystery readers in the library. They include some of their own bibliographies, but refer readers elsewhere for fuller ones. They also include a brief history of the genre to pass on to readers new to it.",,,http://books.google.com/books/content?id=bsWM8vWJHzoC&printsec=frontcover&img=1&zoom=1&edge=curl&source=gbs_api
Learning from Resilient People,Morley D. Glicken,2006-05-03,"This comprehensive core textbook analyzes how resilient people navigate the troubled waters of life’s traumas and identifies how learning about resilience may help cultivate this quality in other, less resilient, people. Author Morley D. Glicken explains the inner self-healing processes of resilient people and helps individuals training in the helping professions to learn to use these processes in working with their clients. Key Features: Presents Current Research on Resilience: The most current data is provided on a variety of common physical, social, and emotional problems experienced by people and the way in which resilient people cope with those problems. In addition, an entire chapter summarizes what we know about resilience and how it can be applied to clinical practice. Provides Engaging Case Examples: Wonderful and honestly written stories from resilient people about how they cope so well with their traumas illustrate how therapy using resilience can work. From this perspective, therapy draws from strength rather than deficit or psychopathology. There is also a chapter on resilient communities, not often discussed in literature, which supports the idea that communities can help people increase their resilience. Examines Resilience Across the Life Cycle: The meaning and definitions of resilience is discussed as well as how it functions throughout the life cycle and through multiple life events. This book also clarifies the erroneous notion that resilient people are endlessly resilient and helps recognize resilience as an actual and real attribute, and not one that makes people seem super human. Intended Audience: This is an ideal textbook for undergraduate and graduate courses in Psychology, Counseling, Social Work, Psychiatric Nursing, Marriage and Family Counseling, and Criminal Justice that teach direct practice techniques, approaches, and theories. It is also a valuable resource for practitioners, administrators, teachers, mental health workers, and family service agencies.?",,,http://books.google.com/books/content?id=vmNaDwAAQBAJ&printsec=frontcover&img=1&zoom=1&edge=curl&source=gbs_api
Handbook of Group Counseling and Psychotherapy,"Janice L. DeLucia-Waack, Deborah A. Gerrity, Cynthia R. Kalodner, Maria Riva",2003-12-23,"The Handbook of Group Counseling and Psychotherapy is a comprehensive reference guide for group practitioners and researchers alike. Each chapter reviews the literature and current research as well as offers suggestions for practice in the psycho educational arena, counseling, and therapy groups. The handbook encourages the notion that the field is improved through increased collaboration between researchers and practitioners. Through a review of cutting-edge research and practice, the handbook includes: 48 chapters by renowned experts in group work The history and theory of group work Topics across the lifespan An entire section on multicultural issues A variety of clinical problems and settings Appendices include the Association for Specialists in Group Work Training Standards, Best Practice Standards, and Principles for Diversity-Competent Group Workers The Handbook of Group Counseling and Psychotherapy, the most comprehensive reference devoted to this rapidly growing field, is essential for graduate students, academics, researchers, professionals, and librarians serving the group therapy community.",1,5,http://books.google.com/books/content?id=AfFyAwAAQBAJ&printsec=frontcover&img=1&zoom=1&edge=curl&source=gbs_api
The Oxford Handbook of Eating Disorders,W. Stewart Agras,2010-07-06,"""A comprehensive and up to date review of the field...provides detailed and Thorough discussions of all the key topics in the study of eating disorders""Zafra Cooper, Department of Psychiatry, Oxford University --",,,http://books.google.com/books/content?id=_hISDAAAQBAJ&printsec=frontcover&img=1&zoom=1&edge=curl&source=gbs_api
Mental Health of Refugees,Paul M.G. Emmelkamp,2023-07-24,"The book provides a comprehensive review of mental health in refugees by discussing its multiple dimensions, and analyzing epidemiology, etiology, and culturally adapted assessment and treatment. Key topics include why certain refugees cope successfully with traumatic experiences while others do not, and the biological, psychological, and social processes underlying posttraumatic stress disorder, common mental disorders, substance abuse and personality disorders. The text examines topics such as complexities of diagnosis, treatment, and recovery for refugees. Furthermore, the roles of culture, social support, and mental health workers in the process of overcoming mental health problems in refugees are discussed. Together, the chapters provide an in-depth examination of the current understood causes, and impacts of mental health problems and treatment of refugees to inform future work in the field. The book gives its readers a solid basis for understanding mental health problems of refugees and sets out to present practitioners with a state-of-the-art summary of all the latest developments and practical guidance. Furthermore, this book provides the practitioner with instructions on how culturally adapted treatments can be used not only with adults, but also with children and young people to help the practitioner to prepare for working with this difficult client group. Drawing from a range of different fields of study, this text will appeal to readers across psychological, mental health, medical, and academic disciplines.",,,http://books.google.com/books/content?id=KRbNEAAAQBAJ&printsec=frontcover&img=1&zoom=1&edge=curl&source=gbs_api
Looking through the Speculum,Judith A. Houck,2024-01-19,"Highlights local history to tell a national story about the evolution of the women’s health movement, illuminating the struggles and successes of bringing feminist dreams into clinical spaces. The women’s health movement in the United States, beginning in 1969 and taking hold in the 1970s, was a broad-based movement seeking to increase women’s bodily knowledge, reproductive control, and well-being. It was a political movement that insisted that bodily autonomy provided the key to women’s liberation. It was also an institution-building movement that sought to transform women’s relationships with medicine; it was dedicated to increasing women’s access to affordable health care without the barriers of homophobia, racism, and sexism. But the movement did not only focus on women’s bodies. It also encouraged activists to reimagine their relationships with one another, to develop their relationships in the name of personal and political change, and, eventually, to discover and confront the limitations of the bonds of womanhood. This book examines historically the emergence, development, travails, and triumphs of the women’s health movement in the United States. By bringing medical history and the history of women’s bodies into our emerging understandings of second-wave feminism, the author sheds light on the understudied efforts to shape health care and reproductive control beyond the hospital and the doctor’s office—in the home, the women’s center, the church basement, the bookshop, and the clinic. Lesbians, straight women, and women of color all play crucial roles in this history. At its center are the politics, institutions, and relationships created by and within the women’s health movement, depicted primarily from the perspective of the activists who shaped its priorities, fought its battles, and grappled with its shortcomings.",,,http://books.google.com/books/content?id=4hniEAAAQBAJ&printsec=frontcover&img=1&zoom=1&edge=curl&source=gbs_api
Handbook of Psychotherapy Integration,"John C. Norcross, Marvin R. Goldfried",2019-05-14,"Hailed by one reviewer as ""the bible of the integration movement,"" the inaugural edition of Handbook of Psychotherapy Integration was the first compilation of the early integrative approaches to therapy. Since its publication psychotherapy integration has grown into a mature, empirically supported, and international movement, and the current edition provides a comprehensive review of what has been done. Reflecting the considerable advances in the field since the previous edition's release in 2005, this third edition of Handbook of Psychotherapy Integration continues to be the state-of-the-art description of psychotherapy integration and its clinical practices by some of its most distinguished proponents. Six chapters new to this edition describe growing areas of psychotherapy research and practice: common factors therapy, principle-based integration, integrative psychotherapy with children, mixing psychotherapy and self-help, integrating research and practice, and international themes. The latter two of these constitute contemporary thrusts in the integration movement: blending research and practice, and recognizing its international nature. Also closely examined are the concepts, history, training, research, global themes, and future of psychotherapy integration. Each chapter includes a new section on cultural considerations, and an emphasis is placed throughout the volume on outcome research. Charting the remarkable evolution of psychotherapy integration itself, the third edition of this Handbook will continue to prove invaluable to practitioners, researchers, and students alike.",,,http://books.google.com/books/content?id=RAuXDwAAQBAJ&printsec=frontcover&img=1&zoom=1&edge=curl&source=gbs_api
Understanding Burnout Recovery Among Native-Born Korean Missionaries,Hannah Kyong-Jin Cho,2020-01-29,"In this timely book, Cho provides mission scholars, sending churches, and mission agencies with an understanding of Korean missionaries' burnout recovery process. Her study of Korean missionary burnout recovery included thirty-nine research participants who had experienced burnout in missionary service and who subsequently recovered. Participants reported a variety of physical, emotional, and spiritual symptoms, as well as relational difficulties experienced during burnout. Cho describes how their self-help approach, characterized by independent, religious self-effort, brought only temporary relief. Through self-care, however, they experienced genuine recovery. Self-care that leads to lasting recovery is holistic and grace-based, characterized by a correct understanding of the roles of God and others in their lives and engagement in authentic community for interdependent care. This study also gives insightful recommendations to missionary member care systems, mission agencies, and other sending organizations in an Asian cultural context about how to care for Korean missionaries. It is also intended for counselors of home churches so that they can provide better member care for burned-out missionaries. Lastly, this study advances research into contextually appropriate paradigms and strategies helpful to cross-cultural missionaries in the area of both Korean missionaries and non-Western studies in missionary member care.",,,http://books.google.com/books/content?id=mQroDwAAQBAJ&printsec=frontcover&img=1&zoom=1&edge=curl&source=gbs_api
Working With Troubled Men,Morley D. Glicken,2006-04-21,"This book offers a concise, readable, research-grounded synthesis of the special concerns mental health and other helping professionals need to address when working with men today, and explains a wealth of effective gender-specific approaches to assessment and intervention that result in more successful outcomes for male clients. Many more women than men seek counseling and therapy, and to some extent standard services have evolved in response to female styles of communicating and problem-solving. Practitioners frequently feel frustrated and baffled by their male clients because they seem unresponsive to treatment approaches that work so well for women. But many men benefit from therapy when practitioners understand male socialization and the ways men communicate and problem-solve. Too many men today are doing badly and are in real need of help. Almost half of America's male children grow up in single parent homes headed by mothers, where they seldom have male mentors or role models. Fewer men than women attend or graduate from college, and increasing levels of binge drinking and date rape on campuses paint a discouraging picture of men on campus. Male violence continues to be a serious problem in many American communities, with male youth violence continuing at epidemic levels. Men die younger than women overall and in much higher proportions from suicide, homicide, and cirrhosis of the liver.",,,http://books.google.com/books/content?id=HMappSsEgjUC&printsec=frontcover&img=1&zoom=1&edge=curl&source=gbs_api
Price-support Program,United States. Congress. Senate. Committee on Agriculture and Forestry,1955,,,,http://books.google.com/books/content?id=MPpCAQAAMAAJ&printsec=frontcover&img=1&zoom=1&edge=curl&source=gbs_api
"Departments of Veterans Affairs and Housing and Urban Development, and Independent Agencies Appropriations for 1999: Chemical Safety and Hazard Investigation Board","United States. Congress. House. Committee on Appropriations. Subcommittee on VA, HUD, and Independent Agencies",1998,,,,http://books.google.com/books/content?id=O0qtjjgt5M8C&printsec=frontcover&img=1&zoom=1&edge=curl&source=gbs_api
